{
  "generated_at": "2026-04-26T06:25:38.667336",
  "timestamp": "20260426_022907",
  "total_entries": 496,
  "max_iters_configured": 3,
  "final_parse_pct": 99.19354838709677,
  "final_converged_pct": 99.19354838709677,
  "final_spec_met_pct": 65.92741935483872,
  "avg_iterations_used": 2.717741935483871,
  "per_task_type": {
    "low_pass_filter": {
      "total": 248,
      "final_spec_met_pct": 64.51612903225806,
      "final_converged_pct": 98.38709677419355,
      "avg_iterations_used": 2.818548387096774
    },
    "high_pass_filter": {
      "total": 248,
      "final_spec_met_pct": 67.33870967741935,
      "final_converged_pct": 100.0,
      "avg_iterations_used": 2.6169354838709675
    }
  }
}